sentiment_code,song,artist,URL
0,0,Since U Been Gone,Kelly Clarkson,https://open.spotify.com/track/3xrn9i8zhNZsTtcoWgQEAd
1,0,So What,P!nk,https://open.spotify.com/track/7bprRkhvOXWmWpqOrEWbXu
2,0,Fighter,Christina Aguilera,https://open.spotify.com/track/7nXq1vaZiz7PdbfojpPjW5
3,0,BO$$,Fifth Harmony,https://open.spotify.com/track/1COvXs6jaykXC73h9OSBVM
4,0,Survivor,Destiny's Child,https://open.spotify.com/track/2Mpj1Ul5OFPyyP4wB62Rvi
5,0,I Love It (feat. Charli XCX) - Tiesto Remix,Various Artists,https://open.spotify.com/track/70ceGVMRB9zIHt4NX07Dgi
6,0,Same Old Love,Selena Gomez,https://open.spotify.com/track/6ZANrVuAMp2rpjhfbOuJly
7,0,Hot N Cold,Katy Perry,https://open.spotify.com/track/1TEjSXPdAakDotj2Wji3PU
8,0,Born This Way,Lady Gaga,https://open.spotify.com/track/209NkbzmsUa9pAobU7xGyf
9,0,Bon Appétit,Katy Perry,https://open.spotify.com/track/14oOKFGuXu8DqvOe1W8vao
10,0,Womanizer,Britney Spears,https://open.spotify.com/track/4fixebDZAVToLbUCuEloa2
11,0,Shut Up And Drive,Rihanna,https://open.spotify.com/track/3m7Fne4xA0bsKzEaWbNucr
12,0,Stupid Girls,P!nk,https://open.spotify.com/track/5oxGaQRd6cLnEcxxbw0soP
13,0,I Knew You Were Trouble.,Taylor Swift,https://open.spotify.com/track/4GzDUKkd1RwAtYZMMUBM3W
14,0,Don't Cha,The Pussycat Dolls,https://open.spotify.com/track/24kGngQeXHt0uhffKpq0zj
15,0,Girlfriend,Avril Lavigne,https://open.spotify.com/track/5HbCnVLXRyZVxnreOPgJCK
16,0,I Kissed A Girl,Katy Perry,https://open.spotify.com/track/005lwxGU1tms6HGELIcUv9
17,0,Circus,Britney Spears,https://open.spotify.com/track/7jk7gqyEonmVVYahZN5zhW
18,0,Umbrella,Rihanna,https://open.spotify.com/track/49FYlytm3dAAraYgpoJZux
19,0,When I Grow Up,The Pussycat Dolls,https://open.spotify.com/track/7aKOynv41IGU8uiXmpz7ok
20,0,Hollaback Girl,Gwen Stefani,https://open.spotify.com/track/6RcQOut9fWL6FSqeIr5M1r
21,0,Fergalicious,Fergie,https://open.spotify.com/track/1D066zixBwqFYqBhKgdPzp
22,0,California Gurls,Katy Perry,https://open.spotify.com/track/6KOEK6SeCEZOQkLj5M1PxH
23,0,Supermodel,SZA,https://open.spotify.com/track/5wTVNpi5WDByxBgKgUE6MU
24,0,Just A Girl,No Doubt,https://open.spotify.com/track/6mfkHv00I6jhHIn7EWHJ2N
25,0,***Flawless (feat. Chimamanda Ngozi Adichie),Beyoncé,https://open.spotify.com/track/7tefUew2RUuSAqHyegMoY1
26,0,So What,P!nk,https://open.spotify.com/track/19qn6oU2t0E72ENA0aWNsX
27,0,Confident,Demi Lovato,https://open.spotify.com/track/0Mn3amMRMoabaoTf1Publ4
28,0,These Boots Are Made For Walkin',Nancy Sinatra,https://open.spotify.com/track/2nwCO1PqpvyoFIvq3Vrj8N
29,0,Really Don't Care,Demi Lovato,https://open.spotify.com/track/5vTPxzm4h2bY9rYyVrGEU5
30,0,Fuck You,Lily Allen,https://open.spotify.com/track/5st5644IlBmKiiRE73UsoZ
31,0,Irreplaceable,Beyoncé,https://open.spotify.com/track/6RX5iL93VZ5fKmyvNXvF1r
32,0,Jumpers,Sleater-Kinney,https://open.spotify.com/track/089EHpvcaDJeRxMkCol2oB
33,0,Suffragette City - 2012 Remaster,David Bowie,https://open.spotify.com/track/3YZa4IzxK2UtEKTvdTgsi8
34,0,Raise Your Glass,P!nk,https://open.spotify.com/track/12lZTPlXwUtrQuhEty6098
35,0,Can't Be Tamed,Miley Cyrus,https://open.spotify.com/track/47cvLbenIcT3GDqFL6duZ0
36,0,Bootylicious,Destiny's Child,https://open.spotify.com/track/41nT1Sp6ChR65FbsdLlFHW
37,0,Promiscuous,Nelly Furtado,https://open.spotify.com/track/7cUhxtLxcNZXV6Qdpi8PTO
38,0,Hard out Here,Lily Allen,https://open.spotify.com/track/6FzUX4kFBss56SSjAsLi7t
39,0,I Don't Need A Man,The Pussycat Dolls,https://open.spotify.com/track/1OakwmqlAsweeecdYGqkXO
40,0,Salute,Little Mix,https://open.spotify.com/track/2E0fhpXbNfksy2mdjm57bf
41,0,What the Hell,Avril Lavigne,https://open.spotify.com/track/5zTzDqrEmseqL2G8ElgBu7
42,0,Can't Hold Us Down (feat. Lil' Kim),Christina Aguilera,https://open.spotify.com/track/0cv1Mnb47oMvjVKMc2cyZw
43,0,Man! I Feel Like A Woman!,Shania Twain,https://open.spotify.com/track/0IF0vGwaJQ8ZCh0QxhW6OV
44,0,Wait A Minute,The Pussycat Dolls,https://open.spotify.com/track/6LDasBOWaNQEGgpDLaKDnJ
45,0,Stronger,Britney Spears,https://open.spotify.com/track/5QhBKPqsnX1uY9fZNaAtZg
46,0,No Scrubs,TLC,https://open.spotify.com/track/1KGi9sZVMeszgZOWivFpxs
47,0,That's My Girl,Fifth Harmony,https://open.spotify.com/track/2ACOWPLUe4A4KuQ5ioD2od
48,0,Sorry Not Sorry,Demi Lovato,https://open.spotify.com/track/3Du2K5dLzmduCNp6uwuaL0
49,0,Bad Girls,M.I.A.,https://open.spotify.com/track/6nzXkCBOhb2mxctNihOqbb
50,0,NO,Meghan Trainor,https://open.spotify.com/track/0NmeI6UpRE27dxxgosD5n9
51,0,Not Fair,Lily Allen,https://open.spotify.com/track/3NHXj1DBuoxA7HL0xfQAZC
52,0,Best Thing I Never Had,Beyoncé,https://open.spotify.com/track/1pelUc7p61q4HfnoVQKdL0
53,0,Say It Right,Nelly Furtado,https://open.spotify.com/track/5AtFypwxB2ShXSxNj12dEd
54,0,Maneater,Nelly Furtado,https://open.spotify.com/track/1M9uq2yCiOhsO6BFozo2OE
55,0,Breakin' Dishes,Rihanna,https://open.spotify.com/track/46aZJc0z1HHHSFxaIRxYSP
56,0,Man Down,Rihanna,https://open.spotify.com/track/454h9zAIuTe1eJyw9iTnj4
57,0,IDGAF,Dua Lipa,https://open.spotify.com/track/76cy1WJvNGJTj78UqeA5zr
58,0,God is a woman,Ariana Grande,https://open.spotify.com/track/5OCJzvD7sykQEKHH7qAC3C
59,0,do re mi,blackbear,https://open.spotify.com/track/2MX30RliaxJDgmQ3C3rrJX
60,0,Tonight I’m Getting Over You,Carly Rae Jepsen,https://open.spotify.com/track/471JtpRQ0oox9OoZcbB8OO
61,0,Break Free,Ariana Grande,https://open.spotify.com/track/12KUFSHFgT0XCoiSlvdQi4
62,1,First Day Out,Tee Grizzley,https://open.spotify.com/track/3muBQDekYAg7jm6hDu6R0Z
63,1,From The D To The A (feat. Lil Yachty),Tee Grizzley,https://open.spotify.com/track/2NyrXRn4tancYPW6JwtTl2
64,1,The Way Life Goes (feat. Oh Wonder),Lil Uzi Vert,https://open.spotify.com/track/2eAZfqOm4EnOF9VvN50Tyc
65,1,Say A',A Boogie Wit da Hoodie,https://open.spotify.com/track/7yeNCRqvnoAskALhUuSxwi
66,1,Power Trip (feat. Miguel),J. Cole,https://open.spotify.com/track/7FOJvA3PxiIU0DN3JjQ7jT
67,1,T-Shirt,Migos,https://open.spotify.com/track/7KOlJ92bu51cltsD9KU5I7
68,1,4 AM,2 Chainz,https://open.spotify.com/track/4r4PJQBHAE0bIKCjunhTgd
69,1,Erase Your Social,Lil Uzi Vert,https://open.spotify.com/track/4uhvMW7ly7tJil31YYscAN
70,1,Grab the Wheel,Lil Uzi Vert,https://open.spotify.com/track/3aJ66zarLOVW4o2nPDxg0g
71,1,Wyclef Jean,Young Thug,https://open.spotify.com/track/55OdqrG8WLmsYyY1jijD9b
72,1,"Guwop (feat. Quavo, Offset and Young Scooter)",Young Thug,https://open.spotify.com/track/1BSA5I386L2IAmFQURYjIz
73,1,BUTTERFLY EFFECT,Travis Scott,https://open.spotify.com/track/1yxgsra98r3qAtxqiGZPiX
74,1,Fuck Love (feat. Trippie Redd),XXXTENTACION,https://open.spotify.com/track/7AQim7LbvFVZJE3O8TYgf2
75,1,Plain Jane,A$AP Ferg,https://open.spotify.com/track/4dVpf9jZjcORqGTLUaeYj9
76,1,It's A Vibe,2 Chainz,https://open.spotify.com/track/6H0AwSQ20mo62jGlPGB8S6
77,1,Magnolia,Playboi Carti,https://open.spotify.com/track/1e1JKLEDKP7hEQzJfNAgPl
78,1,The Race,Tay-K,https://open.spotify.com/track/5RCfvwDewu6p2x1mEI6smX
79,1,Transportin',Kodak Black,https://open.spotify.com/track/1WIZiOuNO3woKfdlSK2gNn
80,1,Woke Up,Dae Dae,https://open.spotify.com/track/4Cb4Ehfj2S8UhC5JKqmJ6m
81,1,rockstar,Post Malone,https://open.spotify.com/track/1OmcAT5Y8eg5bUPv9qJT4R
82,1,Sauce It Up,Lil Uzi Vert,https://open.spotify.com/track/1uL78kFWxhz3umTMWJu8n5
83,1,Gucci Gang,Lil Pump,https://open.spotify.com/track/43ZyHQITOjhciSUUNPVRHc
84,1,Dark Queen,Lil Uzi Vert,https://open.spotify.com/track/2ZdCrBA52bb4pIG3tOOZiQ
85,1,Perplexing Pegasus,Rae Sremmurd,https://open.spotify.com/track/2nYwV62UABTH0NanrwVIdQ
86,1,Bank Account,21 Savage,https://open.spotify.com/track/2fQrGHiQOvpL9UgPvtYy6G
87,1,Everybody,Logic,https://open.spotify.com/track/7cGFbx7MP0H23iHZTZpqMM
88,1,Dubai Shit,Huncho Jack,https://open.spotify.com/track/6urLjX35oXXRYtcH1b3dCh
89,1,Modern Slavery,Huncho Jack,https://open.spotify.com/track/7J6bnDDitOwfelaJNixHhL
90,1,Huncho Jack,Huncho Jack,https://open.spotify.com/track/5vuiHi3QYbwcm1OKJOYnrf
91,1,Pull Up N Wreck (With Metro Boomin),Big Sean,https://open.spotify.com/track/0Gux2yTMWYOlcBUNjGJu5p
92,1,Big Lie,Post Malone,https://open.spotify.com/track/02opp1cycqiFNDpLd2o1J3
93,1,White Sand,Migos,https://open.spotify.com/track/2KokOIKdw4zZutDil85Ugh
94,1,Undefeated (feat. 21 Savage),A Boogie Wit da Hoodie,https://open.spotify.com/track/2vaMWMPMgsWX4fwJiKmdWm
95,1,Saint,Huncho Jack,https://open.spotify.com/track/7foypmc7KZyU716Yv63BPe
96,1,All The Stars (with SZA),Kendrick Lamar,https://open.spotify.com/track/3GCdLUSnKSMJhs4Tj6CV3s
97,1,"King's Dead (with Kendrick Lamar, Future & James Blake)",Kendrick Lamar,https://open.spotify.com/track/1eLSF6HfrRA0AsNmTkUlKx
98,1,X (with 2 Chainz & Saudi),Kendrick Lamar,https://open.spotify.com/track/4LmAnpjlhWTahvRkYR8xJa
99,1,Marvelous Day (feat. Lil Uzi Vert & Gunna),Kap G,https://open.spotify.com/track/4kfEy7h6bWBS5OaDpccTap
100,1,Nice For What,Drake,https://open.spotify.com/track/1cTZMwcBJT0Ka3UJPXOeeN
101,1,Spoil My Night (feat. Swae Lee),Post Malone,https://open.spotify.com/track/5VuxWXbt7XENQCtE9TzpTv
102,1,Mind - Le Wanderer Remix,Rae Okino,https://open.spotify.com/track/0dIOxVvEffgP9sGBjNrITg
103,1,Rich & Sad,Post Malone,https://open.spotify.com/track/2VdT56BGpdqNHUgOe1j5vc
104,1,Ric Flair Drip (& Metro Boomin),21 Savage,https://open.spotify.com/track/7sO5G9EABYOXQKNPNiE9NR
105,1,Lucid Dreams,Juice WRLD,https://open.spotify.com/track/32iYwQ4OYiurnGnOfJ1aEh
106,1,Watch (feat. Lil Uzi Vert & Kanye West),Travis Scott,https://open.spotify.com/track/3DoBTwfr8yi2LN08SBpFkN
107,1,All Girls Are The Same,Juice WRLD,https://open.spotify.com/track/3H2JThgdBxezwj1wwafQS8
108,1,Shoota (feat. Lil Uzi Vert),Playboi Carti,https://open.spotify.com/track/2BJSMvOGABRxokHKB0OI8i
109,1,Powerglide (feat. Juicy J) - From SR3MM,Rae Sremmurd,https://open.spotify.com/track/1BuZAIO8WZpavWVbbq3Lci
110,1,Lean Wit Me,Juice WRLD,https://open.spotify.com/track/3RWM7z6BF8C6z9ypLtxz4M
111,1,Reborn,KIDS SEE GHOSTS,https://open.spotify.com/track/4RVbK6cV0VqWdpCDcx3hiT
112,1,Pursuit Of Happiness (Nightmare),Kid Cudi,https://open.spotify.com/track/5iSEsR6NKjlC9SrIJkyL3k
113,1,Aftergold (feat. Tove Styrke),Big Wild,https://open.spotify.com/track/1wPRqq1czM3ny6189e56mq
114,1,SAD!,XXXTENTACION,https://open.spotify.com/track/3ee8Jmje8o58CHK66QrVC2
115,1,66,Lil Yachty,https://open.spotify.com/track/6tarvNiKnEjYMj1VZhlDqR
116,1,Wasted (feat. Lil Uzi Vert),Juice WRLD,https://open.spotify.com/track/3obgSF06ki98lYNLNq5vCB
117,1,STARGAZING,Travis Scott,https://open.spotify.com/track/7wBJfHzpfI3032CSD7CE2m
118,1,Psycho (feat. Ty Dolla $ign),Post Malone,https://open.spotify.com/track/3swc6WTsr7rl9DqQKQA55C
119,1,JAPAN,Famous Dex,https://open.spotify.com/track/5PTG6rrL6EPFD9E2QMI2pl
120,1,Wish - Trippie Mix,Trippie Redd,https://open.spotify.com/track/6IpvkngH89cA3hhPC84Leg
121,1,Taking A Walk,Trippie Redd,https://open.spotify.com/track/4mHgYpuGHu99Mw69E83CP2
122,1,Shake It Up,Trippie Redd,https://open.spotify.com/track/6yz0Jndhv0QjKdpcEMbOjz
123,1,Chopsticks,YBN Almighty Jay,https://open.spotify.com/track/48NWUlHl5qWOvDKrsoox4L
124,1,No Hook,DJ Weel,https://open.spotify.com/track/0JLkjzSXaNgLgiL07CX9gA
125,1,SICKO MODE,Travis Scott,https://open.spotify.com/track/2xLMifQCjDGFmkHkpNLD9h
126,1,Numb / Encore,JAY-Z,https://open.spotify.com/track/5sNESr6pQfIhL3krM8CtZn
127,1,ZEZE (feat. Travis Scott & Offset),Kodak Black,https://open.spotify.com/track/7l3E7lcozEodtVsSTCkcaA
128,1,YOSEMITE,Travis Scott,https://open.spotify.com/track/7lAK3oHbfEnvUQWosrMMpR
129,1,Things I Brought,UnoTheActivist,https://open.spotify.com/track/3gvgn5f7OvkrfLEXT4LTM6
130,1,Armed And Dangerous,Juice WRLD,https://open.spotify.com/track/5wujBwqG7INdStqGd4tRMX
131,1,Codeine Dreaming (feat. Lil Wayne),Kodak Black,https://open.spotify.com/track/4DTpngLjoHj5gFxEZFeD3J
132,1,HOUSTONFORNICATION,Travis Scott,https://open.spotify.com/track/58TaFP5j5i9swOf584yon2
133,1,LOVE. FEAT. ZACARI.,Kendrick Lamar,https://open.spotify.com/track/6PGoSes0D9eUDeeAafB2As
134,1,Topanga,Trippie Redd,https://open.spotify.com/track/5aXgz1oKK8Q9z9xvTmSnrO
135,1,Noticed,Lil Mosey,https://open.spotify.com/track/6JQvHMSaR8flFsN53ypOfP
136,1,Drip Too Hard (Lil Baby & Gunna),Lil Baby,https://open.spotify.com/track/78QR3Wp35dqAhFEc2qAGjE
137,1,1400 / 999 Freestyle,Trippie Redd,https://open.spotify.com/track/75lcPkAkUsKWHGBlGM476R
138,1,Hard Work Pays Off,Future,https://open.spotify.com/track/6gzIcEUuswJQGfJNPYMjjv
139,1,First Off (feat. Travis Scott),Future,https://open.spotify.com/track/3WRIaWsws011vHMd9uzPjG
140,1,You See Me,Childish Gambino,https://open.spotify.com/track/1eEPKr5gzWVSZKiMWIMZYa
141,1,Yacht Club (feat. Juice WRLD),Lil Yachty,https://open.spotify.com/track/5R2rsbwCDXORX2tLfprRmM
142,1,Day 'N' Nite (nightmare),Kid Cudi,https://open.spotify.com/track/5FEXPoPnzueFJQCPRIrC3c
143,1,Kamikaze,Lil Mosey,https://open.spotify.com/track/1iPBD72u3nAyFEeardYuBV
144,1,Fine China,Future,https://open.spotify.com/track/5274I4mUMnYczyeXkGDWZN
145,1,MIDDLE CHILD,J. Cole,https://open.spotify.com/track/2JvzF1RMd7lE3KmFlsyZD8
146,1,wonderful,Travis Scott,https://open.spotify.com/track/1cZlBZwnwGPtYeRIeQcoFh
147,1,Yes Indeed,Lil Baby,https://open.spotify.com/track/6vN77lE9LK6HP2DewaN6HZ
148,1,KIKA,6ix9ine,https://open.spotify.com/track/6Gy7rXB6Ku5vIWC7WGWsl3
149,1,Robbery,Juice WRLD,https://open.spotify.com/track/6Hj9jySrnFppAI0sEMCZpJ
150,1,Pull Up,Lil Mosey,https://open.spotify.com/track/6dww8y59MiIREzWonqzGOy
151,1,Sanguine Paradise,Lil Uzi Vert,https://open.spotify.com/track/3XiNC94b4Tq1xwv70sQJGN
152,1,90210 (feat. Kacy Hill),Travis Scott,https://open.spotify.com/track/51EC3I1nQXpec4gDk0mQyP
153,1,Space Cadet (feat. Gunna),Metro Boomin,https://open.spotify.com/track/1fewSx2d5KIZ04wsooEBOz
154,1,lose,Travis Scott,https://open.spotify.com/track/2AGUFka8kBWCM47h5uTlDb
155,1,Ridin (feat. Landon Cube & YBN Nahmir),Yung Bans,https://open.spotify.com/track/1zQ6uJovEnJTvExEfAL6vT
156,1,Sail,AWOLNATION,https://open.spotify.com/track/5xhQChGGhKLWqBqX4XhtYE
157,1,No Romance,16yrold,https://open.spotify.com/track/1EuVCg1G7fVjuhKurU7m2b
158,1,Baby Sitter (feat. Offset),DaBaby,https://open.spotify.com/track/7f1zjZG77S891Uv4O68yfk
159,1,Jet Lag (feat. Young Scooter),Future,https://open.spotify.com/track/2OsDoAzo5SGq10qwmKSQBv
160,1,"Enzo (with Sheck Wes, feat. Offset, 21 Savage & Gucci Mane)",DJ Snake,https://open.spotify.com/track/6mCqxnyOhr4tHMbRbQL4Yn
161,1,Midnight City,M83,https://open.spotify.com/track/1eyzqe2QqGZUmfcPZtrIyt
162,2,We'll Go Down Together. Silence Against Rage,Sundrugs,https://open.spotify.com/track/07wMKdWpzd1fjdaiL8gq75
163,2,The Majestic Finesse to Soul,Eguana,https://open.spotify.com/track/5dh3eECuIqUIcAwcoQ1WDE
164,2,Haunted Thoughts - Omni Festival Live 2005 Mix,Various Artists,https://open.spotify.com/track/75YdwXYVclhXzu5t1dsAD2
165,2,Babylon's Garden,Kick Bong,https://open.spotify.com/track/70yhF3x66z5GFxr37MfUOP
166,2,Dexter Blood Theme - Variations,Various Artists,https://open.spotify.com/track/244mgeC70pGTh9DtFYZ8I2
167,2,Response One,Matthew Whiteside,https://open.spotify.com/track/1TQEGg1eb1zBpsk1knIJ61
168,2,Nitrogen,Zero Cult,https://open.spotify.com/track/4A5ijhMpgU0aXv75ZAl3NY
169,2,Monument,Magnetik,https://open.spotify.com/track/6FflO396wzal1RS3EmHOfZ
170,2,The Vault (From Doomsday Vault Original Game Soundtrack),Jeremy Cullen,https://open.spotify.com/track/5hft1C0KJKyEjSmJaoDuD5
171,2,Dawn & Dusk,Will-O'-The-Wisp,https://open.spotify.com/track/2usRHlxJXn5myL7KdmZKRR
172,2,Finally,Gianluca Pischedda,https://open.spotify.com/track/3JktfCQonXoXU5PMFxrdb5
173,2,Going Away,Potlatch,https://open.spotify.com/track/2FE5CzaIHzfLVD99af6IC7
174,2,Reactor 5,Sulkdrugs,https://open.spotify.com/track/2iHaAxXz56wbzO42tldUoA
175,2,Aymata,Jay Wud,https://open.spotify.com/track/4ymYMavgd6Ast1o0HBSfqO
176,2,Saving Nature,Germind,https://open.spotify.com/track/4GgL8NlGJffAsIWzE7oGJ3
177,2,Disc 2 - The Beginning,Wichniowski,https://open.spotify.com/track/6W5WL21tpJWgoL4HSslA2t
178,2,From Strings to Wings,Murat Sayginer,https://open.spotify.com/track/4nsTAbAWlKWUxWFn99TyqY
179,2,The Last Day Of The World,Germind,https://open.spotify.com/track/7aLQX3LtDpOAFXdnJldPPf
180,2,Reconditus,Various Artists,https://open.spotify.com/track/09urbhp8z2MPcj6KYv7pvP
181,2,Through The Fog,Rising Galaxy,https://open.spotify.com/track/7IhIKBNY28qWUowHuNQLAl
182,2,Mourning Fields,Shunkan Idou,https://open.spotify.com/track/0UpWFloihjkIJqqvB65F8g
183,2,M1cr0rgan1sm,Earth Connect,https://open.spotify.com/track/7pbvKKMmTuqprpqqvNX42Z
184,2,Fading Out,Side Liner,https://open.spotify.com/track/5Q2ph47XzvxAl3XUYClQOF
185,2,The End of Time,John Spanos,https://open.spotify.com/track/2PWw9GmnS9eU5UCJrGOV3S
186,2,The Business End of a Crowbar,Apocalypse Rex,https://open.spotify.com/track/3FYalWptsThMKYefYndOA7
187,2,Mind Spread,Karmahacker,https://open.spotify.com/track/30jVyPePHtNqmfZddjG6ED
188,2,Always Running,Stephen Weber,https://open.spotify.com/track/1dp6B5bOaml4Bid4zNBBAZ
189,3,Beautiful People (feat. Khalid),Ed Sheeran,https://open.spotify.com/track/4evmHXcjt3bTUHD1cvny97
190,3,Sixteen,Ellie Goulding,https://open.spotify.com/track/4PkIDTPGedm0enzdvilLNd
191,3,What A Man Gotta Do,Jonas Brothers,https://open.spotify.com/track/4wNIkl5XGiAACjFBlDWuSd
192,3,Sing It With Me,JP Cooper,https://open.spotify.com/track/60DwQiwwglVkTkTwDTTEId
193,3,What I Like About You (feat. Theresa Rex),Jonas Blue,https://open.spotify.com/track/4NSW0Km5ZG60L8FthUebPJ
194,3,Never Really Over,Katy Perry,https://open.spotify.com/track/5PYQUBXc7NYeI1obMKSJK0
195,3,I Don't Care (with Justin Bieber),Ed Sheeran,https://open.spotify.com/track/3HVWdVOQ0ZA45FuZGSfvns
196,3,Slow Dance (feat. Ava Max) - Sam Feldt Remix,AJ Mitchell,https://open.spotify.com/track/2wenGTypSYHXl1sN1pNC7X
197,3,Never Seen the Rain,Tones And I,https://open.spotify.com/track/2grAr8pWMuLWn8ZYEE9wDV
198,3,Younger,Jonas Blue,https://open.spotify.com/track/4D7ERaKgv8NAeck8RzUtRz
199,3,Harder,Jax Jones,https://open.spotify.com/track/2b1BwUGGyKq0CoJd8G1B6M
200,3,Rescue Me,OneRepublic,https://open.spotify.com/track/0mjAU3yKR1QnXnHtjGJqTM
201,3,Keep You Mine,NOTD,https://open.spotify.com/track/0OJN2A3Qyvd7pwSF0AIteC
202,3,Love You Better,John De Sohn,https://open.spotify.com/track/4UuGBDjt8gLXsANZqZxMBz
203,3,Polaroid,Jonas Blue,https://open.spotify.com/track/1wsLHgXJ4SKIfd5ePSX1hD
204,3,Family,The Chainsmokers,https://open.spotify.com/track/3TKpJrY9q49Mj1JOsM9zGL
205,3,Only Human,Jonas Brothers,https://open.spotify.com/track/0DiDStADDVh3SvAsoJAFMk
206,3,No One Compares To You,Jack & Jack,https://open.spotify.com/track/2jZIfoe48eUeOEnP9Ho4h2
207,3,Friends,Ella Henderson,https://open.spotify.com/track/18RdChpgvaAO7GXDjLks2B
208,3,Drown (feat. Clinton Kane),Martin Garrix,https://open.spotify.com/track/4RVtBlHFKj51Ipvpfv5ER4
209,3,Call You Mine,The Chainsmokers,https://open.spotify.com/track/05CwHjIk71RXVU40boRMnR
210,3,Small Talk,Katy Perry,https://open.spotify.com/track/4NmE2ytXI8S2svTRSmEdpO
211,3,Get To Know You,Samantha Harvey,https://open.spotify.com/track/3oiLlbBynuErymca4Dwp5H
212,3,Don't Start Now,Dua Lipa,https://open.spotify.com/track/6WrI0LAC5M1Rw2MnX2ZvEg
213,3,Higher Love,Kygo,https://open.spotify.com/track/6oJ6le65B3SEqPwMRNXWjY
214,3,I Could Get Used To This,Martin Jensen,https://open.spotify.com/track/5BDmCfpzQeXT4AuxyO5ATs
215,3,Rewrite The Stars (with James Arthur & Anne-Marie),Various Artists,https://open.spotify.com/track/78nplE9X2ZGvQh3TKgvldE
216,3,Big Plans,Why Don't We,https://open.spotify.com/track/6Yx181fZzA0YE2EkUsYruq
217,3,Can We Pretend (feat. Cash Cash),P!nk,https://open.spotify.com/track/3O0e0LHTpza0rYVDbZfQ4r
218,3,"You Can't Stop The Girl (From Disney's ""Maleficent: Mistress of Evil"")",Bebe Rexha,https://open.spotify.com/track/1i3z3GR1JtLswOSJNO0BQw
219,3,In Betweenin',AUSTN,https://open.spotify.com/track/1UotQ5kMAEiCJVisAVkxOh
220,3,Body Back (feat. Maia Wright),Gryffin,https://open.spotify.com/track/1z1XegUChLLQfcbtIK8ABn
221,3,2 Hearts (feat. Gia Koka),Sam Feldt,https://open.spotify.com/track/0EdgK7ASb4kfRkW8pVMN02
222,3,Ooh Girl (feat. A Boogie Wit da Hoodie),Kris Kross Amsterdam,https://open.spotify.com/track/1mKNyZCNDueEASgBgZuLdA
223,3,Perfect (feat. Haris),Lucas & Steve,https://open.spotify.com/track/30cW9fD87IgbYFl8o0lUze
224,3,Good as Hell (feat. Ariana Grande) - Remix,Lizzo,https://open.spotify.com/track/07Oz5StQ7GRoygNLaXs2pd
225,3,Ritual,Tiësto,https://open.spotify.com/track/3M9Apu4OZfylLTFKvgEtKa
226,3,Sucker,Jonas Brothers,https://open.spotify.com/track/4y3OI86AEP6PQoDE6olYhO
227,3,Bad Vibrations,Jesper Jenset,https://open.spotify.com/track/6zTKuNMEU3svBn65L6u88M
228,3,Let It Be Me (feat. Ava Max),David Guetta,https://open.spotify.com/track/2F83FxNVkK6PPMHuYnwyVc
229,3,Dive,Hot Shade,https://open.spotify.com/track/0Npijoc6ZcUe1devUugKvI
230,3,Dancing in the Moonlight,Jubël,https://open.spotify.com/track/5ow0sNF1zSqp71Ix5jEXWU
231,3,Happy Now,Kygo,https://open.spotify.com/track/14sOS5L36385FJ3OL8hew4
232,3,Bones (feat. OneRepublic),Galantis,https://open.spotify.com/track/1pfgsjmxVZhoZpeDx6POKv
233,3,Die Young,Sheppard,https://open.spotify.com/track/6y4HksqJ8qGipgsDxvlb2u
234,3,Glorious,Ella Henderson,https://open.spotify.com/track/7xPIlYAQvOubFllPkn8XSL
235,3,Let It Be Me,Steve Aoki,https://open.spotify.com/track/3sHuIjfAzluc6S9cXoqfqC
236,3,Way Back Home (feat. Conor Maynard) - Sam Feldt Edit,SHAUN,https://open.spotify.com/track/1ZLrDPgR7mvuTco3rQK8Pk
237,3,Faith (with Dolly Parton) [feat. Mr. Probz],Galantis,https://open.spotify.com/track/35MKhw2YBKApmD7fAnPERC
238,3,2002,Anne-Marie,https://open.spotify.com/track/6SFStUDQZNaGPKWOx9ZiJB
239,3,So Am I,Ava Max,https://open.spotify.com/track/0uUNN1nSoUx1A4fkDCWDQ7
240,3,Bigger Than,Justin Jesso,https://open.spotify.com/track/5X73AYzzEE5Di0JwcQKt9N
241,3,I Found You,Cash Cash,https://open.spotify.com/track/3wYOGJYD31sLRmBgCvWxa4
242,3,All You Need To Know (feat. Calle Lehmann),Gryffin,https://open.spotify.com/track/4Gcv5SsxnQWpmOnUI19EJk
243,3,Perfect to Me,Anne-Marie,https://open.spotify.com/track/0DC7Zs2qvAbNK1owWQ4mlL
244,3,Señorita,Shawn Mendes,https://open.spotify.com/track/0TK2YIli7K1leLovkQiNik
245,3,We Got Love,Sigala,https://open.spotify.com/track/35mMXfym6C9VOTUVrcKKZp
246,3,Roots,Valerie Broussard,https://open.spotify.com/track/23FHa9lYnG6Dr8OzombPkS
247,3,Best of Me,Blake Rose,https://open.spotify.com/track/022KUgS0Q5c3MTePafMLai
248,3,ME! (feat. Brendon Urie of Panic! At The Disco),Taylor Swift,https://open.spotify.com/track/4Sib57MmYGJzSvkW84jTwh
249,3,Watermelon Sugar,Harry Styles,https://open.spotify.com/track/1e9oZCCiX42nJl0AcqriVo
250,3,I'll Wait,Kygo,https://open.spotify.com/track/6Q3K9gVUZRMZqZKrXovbM2
251,3,Somebody,Sigala,https://open.spotify.com/track/6iMoJ3UdrO2ZjzzcaN8Eom
252,3,Hold Me Close (feat. Ella Henderson),Sam Feldt,https://open.spotify.com/track/24aN8j7dBw0FxxKUBlCtd6
253,3,So Close,NOTD,https://open.spotify.com/track/7FjZU7XFs7P9jHI9Z0yRhK
254,3,Don't Call Me Up,Mabel,https://open.spotify.com/track/4QjVfuu7om31HBan0jlX4p
255,3,True Colors (feat. Maya Avedis),XO Cupid,https://open.spotify.com/track/4AMY0oGSt7vZwgxDnHCJBr
256,3,Fade Out,Seeb,https://open.spotify.com/track/20XjdVfh6kFATmgm7T0C5r
257,3,All Night Long (All Night) - Recorded at Spotify Studios Stockholm,Benjamin Ingrosso,https://open.spotify.com/track/5LKNumPGm1bEyVroDE4rcZ
258,3,Kings & Queens,Ava Max,https://open.spotify.com/track/76nqCfJOcFFWBJN32PAksn
259,3,Bruised Not Broken (feat. MNEK & Kiana Ledé),Matoma,https://open.spotify.com/track/2ak79ho44RiDi9DFrqYgfq
260,3,I Don't Belong In This Club,Why Don't We,https://open.spotify.com/track/45ZGEdLxCZvdMX9jWlsAAx
261,3,Just Friends,Virginia To Vegas,https://open.spotify.com/track/02Ygu8lo3qSknRpcBnspso
262,3,Happy Kids,John De Sohn,https://open.spotify.com/track/3nVJ4tGeLFR6HUiz3e7qAe
263,3,You Need To Calm Down,Taylor Swift,https://open.spotify.com/track/29fRTIKsJhLUJoldM89GZS
264,3,Lose Myself,Faustix,https://open.spotify.com/track/4KpbD67QmMxvdSVGOGiqlj
265,3,Something Unreal,The Script,https://open.spotify.com/track/0eL459KLWfWjAJswx9MysK
266,3,Best Of You (feat. Elle King),Andy Grammer,https://open.spotify.com/track/4bsqIuMHtvLCzpYAyV3044
267,3,Kiss Somebody,Julie Bergan,https://open.spotify.com/track/17XU1PTSv4OfcBUE8rNYWm
268,3,Until I Die,Mike Perry,https://open.spotify.com/track/1t492ZhMkze1qxpJsB1s7J
269,3,FOCUS,Keelie Walker,https://open.spotify.com/track/5VprW0JklAybRNsgrZAOg7
270,3,Say It Again,AJ Mitchell,https://open.spotify.com/track/0iBOGfVW1T08dRqtqnMYK0
271,3,Good Life,Mass Anthem,https://open.spotify.com/track/2uYEwJC8CQ1tTCfzU6JZJ2
272,3,Don't Worry (feat. Aloe Blacc),Mesto,https://open.spotify.com/track/0KwlzQaySxzPkt0nELecnx
273,3,Monster,Mark Diamond,https://open.spotify.com/track/1ggjVroSMZK4UQOy0QSCsq
274,3,Someone,Jubël,https://open.spotify.com/track/68zNuCEl9UHTbcBltW2uDv
275,3,Wanted,NOTD,https://open.spotify.com/track/1lGVyEkGHUz7Pg78QGaS4a
276,3,I Forgot That You Existed,Taylor Swift,https://open.spotify.com/track/43rA71bccXFGD4C8GOpIlN
277,3,I Love Me,Demi Lovato,https://open.spotify.com/track/2IHLaN6wwYKQ3S24NsQqpA
278,3,Dance Monkey,Tones And I,https://open.spotify.com/track/421leiR6jKlH5KDdwLYrOs
279,3,For What It's Worth,Tiggi Hawke,https://open.spotify.com/track/5I0yzRaIPmx6Iz97gd0WZY
280,3,Too Close,Ria Mae,https://open.spotify.com/track/4Gy6pnhY9GGE3nqD3d0CmU
281,3,Never Felt A Love Like This (with Hook N Sling) [feat. Dotan],Galantis,https://open.spotify.com/track/1mMvahhW2Oz9waG8UTQnI4
282,3,Lost,End of the World,https://open.spotify.com/track/7Lw5FXm8nhQPvezIpA6jK5
283,3,Freedom,Kygo,https://open.spotify.com/track/5Gj1wG8b12VQdEd3hUuSwo
284,3,Close To Me (with Diplo) (feat. Swae Lee),Ellie Goulding,https://open.spotify.com/track/5JEx7HbmvHQQswJCsoo9rA
285,3,Arms Around Me,Starley,https://open.spotify.com/track/1QkaME1J8C8Pau6DHwkrIO
286,3,"Alone, Pt. II",Alan Walker,https://open.spotify.com/track/0bMbDctzMmTyK2j74j3nF3
287,3,The Truth,James Blunt,https://open.spotify.com/track/43aNLlvCErobCJHCBOz7c1
288,3,Little Bit Of Love,JP Cooper,https://open.spotify.com/track/0VrgIjDkmDwlgZk54Try2u
289,4,The A Team,Ed Sheeran,https://open.spotify.com/track/2vBF8A6n0REigm7RSUM65S
290,4,Breathe Me,Sia,https://open.spotify.com/track/7jqzZyJJLrpkRFYGpkqSK6
291,4,Falling,Harry Styles,https://open.spotify.com/track/1ZMiCix7XSAbfAJlEZWMCp
292,4,Skinny Love,Bon Iver,https://open.spotify.com/track/1NyFRrFiJAJIaR6icj1goI
293,4,Youth,Daughter,https://open.spotify.com/track/1JDMO4EVPHtm0xXhJb2IjR
294,4,Bruises,Lewis Capaldi,https://open.spotify.com/track/4Of7rzpRpV1mWRbhp5rAqG
295,4,Dancing With Your Ghost,Sasha Sloan,https://open.spotify.com/track/1TQXIltqoZ5XXyfCbAeSQQ
296,4,comethru,Jeremy Zucker,https://open.spotify.com/track/18uwL0vNUanqZH0ro2QcOP
297,4,when the party's over,Billie Eilish,https://open.spotify.com/track/43zdsphuZLzwA9k4DJhU0I
298,4,Let It Go,James Bay,https://open.spotify.com/track/13HVjjWUZFaWilh2QUJKsP
299,4,People Help the People,Birdy,https://open.spotify.com/track/6XRNCAnxJIB1p4RPdFVSq0
300,4,Transatlanticism,Death Cab for Cutie,https://open.spotify.com/track/3PJikMV2xGNCooQttQrAw5
301,4,If You Think It's Love,King Princess,https://open.spotify.com/track/3iiL6merNpFNX1bny9sfvM
302,4,The Night We Met,Lord Huron,https://open.spotify.com/track/6mORGLOz79w6VsCRLWYYuK
303,4,Bird,Billie Marten,https://open.spotify.com/track/6DzvC1VHpyTFfLBbAYBa7W
304,4,Fix You,Coldplay,https://open.spotify.com/track/7LVHVU3tWfcxj5aiPFEW4Q
305,4,No Time To Die,Billie Eilish,https://open.spotify.com/track/73SpzrcaHk0RQPFP73vqVR
306,4,Falling Asleep,Tiz McNamara,https://open.spotify.com/track/1FunUekKzZ9Mgt3BMYCrfF
307,4,"Murder Song (5, 4, 3, 2, 1) - Acoustic",AURORA,https://open.spotify.com/track/6MM22AtXB7I5gfTErMF0mJ
308,4,No Woman,Whitney,https://open.spotify.com/track/1CLmFKW99S8eJrebO3GB04
309,4,Before You Go,Lewis Capaldi,https://open.spotify.com/track/2gMXnyrvIjhVBUZwvLZDMP
310,4,Love Is A Losing Game,Amy Winehouse,https://open.spotify.com/track/4IMBnBRqm9RALmLrRqfMor
311,4,Dancing On My Own,Calum Scott,https://open.spotify.com/track/02WacdrRpm4zlP8H7X6bnQ
312,4,K.,Rosie Carney,https://open.spotify.com/track/6vG1pcmNGdG6Vu62I9nLGL
313,4,Wish You Were Here - 2011 Remastered Version,Pink Floyd,https://open.spotify.com/track/1wHSxWBfPr3GO31y8KGrWe
314,4,Older Than I Am,Lennon Stella,https://open.spotify.com/track/15VDHAMS4JCLziCjNkmQl1
315,4,Easily,Bruno Major,https://open.spotify.com/track/2k9N4caeCIJLOWwWwssrEM
316,4,What's Good,Fenne Lily,https://open.spotify.com/track/6OBl3esnGuz8PllwDWinWS
317,4,Should Have Known Better,Sufjan Stevens,https://open.spotify.com/track/5I6y1KWmUoV5YCaIEcs1qs
318,4,lovely (with Khalid),Billie Eilish,https://open.spotify.com/track/0u2P5u6lvoDfwTYjAADbn4
319,4,Sad Corny Fuck,JP Saxe,https://open.spotify.com/track/5YlHgqWo3Kt2mF88ubmR62
320,4,pass you by,Alaina Castillo,https://open.spotify.com/track/4NVwMupCTfITPXetR5aozp
321,4,To Build A Home,The Cinematic Orchestra,https://open.spotify.com/track/54KFQB6N4pn926IUUYZGzK
322,4,Wish I Was Better,Kina,https://open.spotify.com/track/1kAkUHFb7ryeVkVSRD6Nkj
323,4,I Took A Pill In Ibiza,Mike Posner,https://open.spotify.com/track/1PiKcVhlmHPvL7IPjx9dJk
324,4,Angel's Song,Arlo Parks,https://open.spotify.com/track/5hXTMmVXz1Ablgu34BkTz1
325,4,Consequences,Camila Cabello,https://open.spotify.com/track/7sTtHHrD0zDpmzQzH3zegz
326,4,"Welcome Home, Son",Radical Face,https://open.spotify.com/track/13PUJCvdTSCT1dn70tlGdm
327,4,Jealous,Labrinth,https://open.spotify.com/track/4L2K7JKseFCBoHMZEAszW0
328,4,Dolerme,ROSALÍA,https://open.spotify.com/track/2reL9PAUza4PUtbjqW1fRf
329,4,Cold Nights,Camo Columbo,https://open.spotify.com/track/1q3AoLCoawd8Gpm9wP7sHi
330,4,Someone Like You,Adele,https://open.spotify.com/track/6QPKYGnAW9QozVz2dSWqRg
331,4,Only You,Joshua Radin,https://open.spotify.com/track/2ZaYFNn1YQuLSVdHhanr4Q
332,4,you broke me first,Tate McRae,https://open.spotify.com/track/45bE4HXI0AwGZXfZtMp8JR
333,4,i don't want to watch the world end with someone else,Clinton Kane,https://open.spotify.com/track/58qX77t2VWMWcycsh9zKLc
334,4,Long Way Down,Tom Odell,https://open.spotify.com/track/1uVk6S6Fpkrmji0iTpgKEC
335,4,River,St Woods,https://open.spotify.com/track/2mXnsGgq0K4qfcYmw0rccK
336,4,I Can't Help (with Sarcastic Sounds),Shoffy,https://open.spotify.com/track/1OdYu7mDO94ydUvfZPaPvP
337,4,Creep,Radiohead,https://open.spotify.com/track/1ytTeSRAU6IRo2itVDwtPv
338,4,Indigo,LEFT.,https://open.spotify.com/track/2qoKkOBw3dAd8AlITOQ2Ca
339,4,All of Me,John Legend,https://open.spotify.com/track/3U4isOIWM3VvDubwSI3y7a
340,4,Thirteen Thirty-Five,Dillon,https://open.spotify.com/track/3N2vr4m44BBZiVCZ0O4bnf
341,4,Trying My Best,Anson Seabra,https://open.spotify.com/track/06qUEhhx6jKQmhj2qAkn4H
342,4,Still Waiting to Start,Nina Nesbitt,https://open.spotify.com/track/1yERtbTiF9fKGxaelyLJOA
343,4,Oceans,Seafret,https://open.spotify.com/track/7Cia4WzapwjMr0NUQF8vf3
344,4,Slow It Down,The Lumineers,https://open.spotify.com/track/0ewX9JsKy9oa4IifkFSroa
345,4,Last Time,Johnning,https://open.spotify.com/track/7v3tuzPub1Qd490tiVddwF
346,4,Riverside,Agnes Obel,https://open.spotify.com/track/1UmFRZU3taMGZApPhK32mc
347,4,Dust On The Ground,Bombay Bicycle Club,https://open.spotify.com/track/2SbIONplUQ0BvXyRgGDgCz
348,4,cry on airplanes,Julian,https://open.spotify.com/track/1elEZGOMFRU5n7bnOtUaqi
349,4,Everybody Hurts,R.E.M.,https://open.spotify.com/track/0sSxUKtpE11r5VVx1DIMww
350,4,Cursive,Billie Marten,https://open.spotify.com/track/5Iy1wdO0tMaHwKnfFYtlel
351,4,Fix You,Valentin,https://open.spotify.com/track/0x4CFzoSdqVq5qTGgwZFuX
352,4,All I Want,Kodaline,https://open.spotify.com/track/1XczdQt6RKNkEQfPqUsi3q
353,4,Goshen,Beirut,https://open.spotify.com/track/5rLZGAZOstOC3fqhmGChvK
354,4,Dear Diary,Anthony Ramos,https://open.spotify.com/track/5AqPW3fH2H4ORBYTVwfHep
355,4,Dancing With an Astronaut,Ellie Rose,https://open.spotify.com/track/43cElHKBLhVdsz0cPETPIj
356,4,Only,RY X,https://open.spotify.com/track/0yfd3MSq6JEsNxOzSLJR7g
357,4,Renee's Song,Bazzi,https://open.spotify.com/track/13iMiwdY7pgE1f7NwYKr1D
358,4,Teardrop - Remastered 2006,Massive Attack,https://open.spotify.com/track/1ZekzmhuM380sFcUZePjmL
359,4,9 Crimes,Damien Rice,https://open.spotify.com/track/5GZEeowhvSieFDiR8fQ2im
360,4,Video Games - Remastered,Lana Del Rey,https://open.spotify.com/track/0fBSs3fRoh1yJcne77fdu9
361,4,Be My Mistake,The 1975,https://open.spotify.com/track/0AG2l0IboWNSwjUkMr2Aq7
362,4,Waiting,Alice Boman,https://open.spotify.com/track/7eClkLWbrr3TorYedzaDkI
363,4,Simple Song,Passenger,https://open.spotify.com/track/70HWRkitkAKfos500LBk0T
364,4,Stay,Gracie Abrams,https://open.spotify.com/track/0Uon5NsSAkBDx69XYOaQ5P
365,4,Losing You,Aquilo,https://open.spotify.com/track/5aFSzu0b7ccAYjTkbTNTsQ
366,4,Samson,Regina Spektor,https://open.spotify.com/track/2bbhyUWJ5VjdfI3P4PRLu2
367,4,The Funeral,Various Artists,https://open.spotify.com/track/4Ao5JXfOIMJGlVo8sJpjFr
368,4,Anchor,Novo Amor,https://open.spotify.com/track/6x6XKEUcCJGUACD4Xh7KuP
369,4,London Thunder,Foals,https://open.spotify.com/track/4gkoh2vAD57fGEITzteaUh
370,4,To The Hilt,BANKS,https://open.spotify.com/track/41bqxcnDRcYsBJnJKtPCdp
371,4,Cold Arms,Mumford & Sons,https://open.spotify.com/track/7kpZ9isu48poYKpaAb0wiR
372,4,Harvest Love,Tash Sultana,https://open.spotify.com/track/2KK7OUblFkd7TT9TjWgW7z
373,4,Unintended,Muse,https://open.spotify.com/track/6kyxQuFD38mo4S3urD2Wkw
374,4,you were good to me,Jeremy Zucker,https://open.spotify.com/track/4CxFN5zON70B3VOPBYbd6P
375,4,It's My Fault,Lolo Zouaï,https://open.spotify.com/track/3QP17SZh39ZVczQnopq9BE
376,4,Sinking Man - The Walking Dead Soundtrack,Various Artists,https://open.spotify.com/track/5Hd6DPGjqihEnWSiGRzqr6
377,4,Conversation,Lucy Rose,https://open.spotify.com/track/4THgqBGsTYJcNcQWCV92AP
378,4,The Good in Goodbye (Alternate Version),Alexander Wren,https://open.spotify.com/track/4IUfRZY8k9MHRsStnjMTUb
379,4,Such Great Heights,Iron & Wine,https://open.spotify.com/track/7vcuTZAFyu0Z5dgMRLR0h0
380,4,Recording 15,Shannon Lay,https://open.spotify.com/track/1vNfYCzcCJz0FY7MVVA9lM
381,4,Better Than Today,Rhys Lewis,https://open.spotify.com/track/6MLHg35rlksBc5OBcdZvJi
382,4,Rennen,SOHN,https://open.spotify.com/track/5ExIjNVCeigpRtqAc47jKQ
383,4,Elysia,Karmacloud,https://open.spotify.com/track/5iJHAhGSaaTIrEYmv91xEu
384,4,Oblivion,Bastille,https://open.spotify.com/track/7u5YIl9C1ijghg46PVVdh9
385,4,Falling Like The Stars,James Arthur,https://open.spotify.com/track/15xWRPHQMeqgdkGzInx3PY
386,4,Apocalypse,Cigarettes After Sex,https://open.spotify.com/track/3P5EAzNwT3tBafKX8xzyvf
387,4,Fluid,Ames,https://open.spotify.com/track/3O69V7agLeCLw6C8wfK1jt
388,4,Queen Without a Crown,Dan Millson,https://open.spotify.com/track/05jIX75dqFuyWLLd6kis2p
389,5,Rolling in the Deep,Adele,https://open.spotify.com/track/1eq1wUnLVLg4pdEfx9kajC
390,5,Walking On Sunshine,Katrina & The Waves,https://open.spotify.com/track/05wIrZSwuaVWhcv5FfqeH0
391,5,"Tempo (feat. Sevn Alias, Bko & Boef)",Jairzinho,https://open.spotify.com/track/2YeKWxs3kfBFt7UduCEXub
392,5,Energie,Ronnie Flex,https://open.spotify.com/track/1riPE3NCV1OBmSXqpYiMJY
393,5,9 to 5,Dolly Parton,https://open.spotify.com/track/4w3tQBXhn5345eUXDGBWZG
394,5,Hello,Adele,https://open.spotify.com/track/4aebBr4JAihzJQR0CiIZJv
395,5,Diamonds,Rihanna,https://open.spotify.com/track/6O20JhBJPePEkBdrB5sqRx
396,5,Hangover,Taio Cruz,https://open.spotify.com/track/2tftivjRsvKs0jFH9h3Ti8
397,5,Stereo Hearts (feat. Adam Levine),Gym Class Heroes,https://open.spotify.com/track/0qOnSQQF0yzuPWsXrQ9paz
398,5,The Monster,Eminem,https://open.spotify.com/track/48RrDBpOSSl1aLVCalGl5C
399,5,I Want It That Way,Backstreet Boys,https://open.spotify.com/track/68y6OIiE1nDdI1MLQdJNh8
400,5,Sweet Dreams (Are Made of This) - Remastered,Eurythmics,https://open.spotify.com/track/1TfqLAPs4K3s2rJMoCokcS
401,5,Price Tag,Jessie J,https://open.spotify.com/track/2fTsFCKRFQ5M0igJgabnLA
402,5,Firework,Katy Perry,https://open.spotify.com/track/1mXuMM6zjPgjL4asbBsgnt
403,5,It Wasn't Me,Shaggy,https://open.spotify.com/track/0OaunKfsxkgBvPv68jBbmm
404,5,Irreplaceable,Beyoncé,https://open.spotify.com/track/6RX5iL93VZ5fKmyvNXvF1r
405,5,I Know You Want Me (Calle Ocho),Pitbull,https://open.spotify.com/track/5RzFJd6W40SDTyZkX6xx45
406,5,Halo,Beyoncé,https://open.spotify.com/track/4JehYebiI9JE8sR8MisGVb
407,5,Welcome To St. Tropez - DJ Antoine vs Mad Mark Radio Edit,DJ Antoine,https://open.spotify.com/track/4xZRjpm7bZjDSBEHikrJf6
408,5,Replay,Iyaz,https://open.spotify.com/track/5vlEg2fT4cFWAqU5QptIpQ
409,5,Breaking Free,High School Musical Cast,https://open.spotify.com/track/4itkS9rw2pjr9PqnOOhxpb
410,5,Magic in the Air (feat. Ahmed Chawki),Magic System,https://open.spotify.com/track/3s6ltUrI93LBKU8taezsLn
411,5,Rood - Single Version,Marco Borsato,https://open.spotify.com/track/5oejgs2zqoQ9S0fW3qc1h5
412,5,I Will Survive - Extended Version,Various Artists,https://open.spotify.com/track/5FM2zyvBsSQtx9HXZ8dFsc
413,5,It's Raining Men,Various Artists,https://open.spotify.com/track/1HyduXJnVTuP4qjK8pexq9
414,5,When I Was Your Man,Bruno Mars,https://open.spotify.com/track/0nJW01T7XtvILxQgC5J7Wh
415,5,Just the Way You Are,Bruno Mars,https://open.spotify.com/track/47Slg6LuqLaX0VodpSCvPt
416,5,Grenade,Bruno Mars,https://open.spotify.com/track/4lLtanYk6tkMvooU0tWzG8
417,5,Space for Two,Mr. Probz,https://open.spotify.com/track/2vNyWYQtbrgOKcSG64SZMJ
418,5,Better Now,Post Malone,https://open.spotify.com/track/7dt6x5M1jzdTEt8oCbisTK
419,5,Summer Nights - From “Grease” Soundtrack,Various Artists,https://open.spotify.com/track/1CPCDaur2BxlCW0BVsf6rH
420,5,"You're The One That I Want - From ""Grease"" Original Motion Picture Soundtrack",Various Artists,https://open.spotify.com/track/1pj3RzpA5AoXkZln0NockI
421,5,Where Is The Love?,Black Eyed Peas,https://open.spotify.com/track/7oPnZNl1acGA7ELxsNirrR
422,5,"Que Si, Que No",Jody Bernal,https://open.spotify.com/track/7oYZ2no8GeXfAhjNhr6gHC
423,5,Feesttent,Kraantje Pappie,https://open.spotify.com/track/3jFnYU30fibZbOE9y4wPQx
424,5,Billionaire (feat. Bruno Mars),Travie McCoy,https://open.spotify.com/track/2M9ULmQwTaTGmAdXaXpfz5
425,5,I'm Yours,Jason Mraz,https://open.spotify.com/track/1EzrEOXmMH3G43AXT1y7pA
426,5,Mambo No. 5 (a Little Bit of...),Lou Bega,https://open.spotify.com/track/6x4tKaOzfNJpEJHySoiJcs
427,5,Summer Jam 2003 - Remix,Various Artists,https://open.spotify.com/track/6eQQLxpKeoNqwT90zSD4Em
428,5,Blurred Lines,Robin Thicke,https://open.spotify.com/track/5PUvinSo4MNqW7vmomGRS7
429,5,Sonnentanz,Klangkarussell,https://open.spotify.com/track/4YRvb9B8cgvhst11qk8CKn
430,5,La Camisa Negra,Juanes,https://open.spotify.com/track/65o8SI1kfFAIr0EjXeBRkB
431,5,Mas Que Nada - Radio Edit,Sérgio Mendes,https://open.spotify.com/track/0vFs2Eorve6vnnQcmItot1
432,5,Nervous,Shawn Mendes,https://open.spotify.com/track/0Dq49j3dELbttQVUJbtn0c
433,5,We Can Do Better,Matt Simons,https://open.spotify.com/track/1hLjLWrzO18acdCFcccFWk
434,5,One Kiss (with Dua Lipa),Calvin Harris,https://open.spotify.com/track/7ef4DlsgrMEH11cDZd32M6
435,5,Youngblood,5 Seconds of Summer,https://open.spotify.com/track/2iUXsYOEPhVqEBwsqP70rE
436,5,Hey Meisje,Esko,https://open.spotify.com/track/1c7Kh2uMMxG7k4QqNjjg95
437,5,Girls Like You (feat. Cardi B),Maroon 5,https://open.spotify.com/track/7fa9MBXhVfQ8P8Df9OEbD8
438,5,La Cintura,Alvaro Soler,https://open.spotify.com/track/19MBk3PbNFE36wqIqkMq9H
439,5,Leave a Light On,Tom Walker,https://open.spotify.com/track/6lOWoTqVnAWXchddtTH31W
440,5,I Like It,Cardi B,https://open.spotify.com/track/58q2HKrzhC3ozto2nDdN4z
441,5,Te Boté - Remix,Nio Garcia,https://open.spotify.com/track/3V8UKqhEK5zBkBb6d6ub8i
442,5,Sin Pijama,Becky G,https://open.spotify.com/track/2ijef6ni2amuunRoKTlgww
443,5,Shape of You,Ed Sheeran,https://open.spotify.com/track/7qiZfU4dY1lWllzX7mPBI3
444,5,Classic (feat. POWERS),The Knocks,https://open.spotify.com/track/42UaTVeWaNaME7ttu61ykG
445,5,Build Me Up Buttercup,The Foundations,https://open.spotify.com/track/3XcuLPQb1LG13ZJEEa6wUI
446,5,Rescue Me,Various Artists,https://open.spotify.com/track/5Gird0FlC1rfCDujzz0C4N
447,5,The Way You Make Me Feel - 2012 Remaster,Michael Jackson,https://open.spotify.com/track/0sKlV58cODrjxGFOyf9IXY
448,5,Rock with You - Single Version,Michael Jackson,https://open.spotify.com/track/7oOOI85fVQvVnK5ynNMdW7
449,5,ABC,Michael Jackson,https://open.spotify.com/track/6nzhhT57iQYrbqumru9NNP
450,5,Someone Like You,Adele,https://open.spotify.com/track/6QPKYGnAW9QozVz2dSWqRg
451,5,Skyfall,Adele,https://open.spotify.com/track/3mr584ZFSkZrWja9kJAzlb
452,5,You Got The Love,Various Artists,https://open.spotify.com/track/6hGysJfPg591z5fqvTYL8O
453,5,7 Years,Lukas Graham,https://open.spotify.com/track/2vDT1uU6hZgdp3PbWGr0Xy
454,5,Cheerleader - Felix Jaehn Remix Radio Edit,OMI,https://open.spotify.com/track/7vFoFDWqTX0mHzLfrF1Cfy
455,5,Love Yourself,Justin Bieber,https://open.spotify.com/track/3hB5DgAiMAQ4DzYbsMq1IT
456,5,Chandelier,Sia,https://open.spotify.com/track/4VrWlk8IQxevMvERoX08iC
457,5,Believer,Imagine Dragons,https://open.spotify.com/track/05KfyCEE6otdlT1pp2VIjP
458,5,Stay With Me,Sam Smith,https://open.spotify.com/track/7IHOIqZUUInxjVkko181PB
459,5,Treat You Better,Shawn Mendes,https://open.spotify.com/track/1rtDwblY1CJ9i490fMzJnc
460,5,Royals,Lorde,https://open.spotify.com/track/2dLLR6qlu5UJ5gk0dKz0h3
461,5,Somebody That I Used To Know,Gotye,https://open.spotify.com/track/4wCmqSrbyCgxEXROQE6vtV
462,5,Best Day Of My Life,American Authors,https://open.spotify.com/track/5Hroj5K7vLpIG4FNCRIjbP
463,5,Fireflies,Owl City,https://open.spotify.com/track/3DamFFqW32WihKkTVlwTYQ
464,5,Dancing Queen,ABBA,https://open.spotify.com/track/0GjEhVFGZW8afUYGChu3Rr
465,5,Bohemian Rhapsody - Remastered 2011,Queen,https://open.spotify.com/track/1AhDOtG9vPSOmsWgNW0BEY
466,5,Can't Hold Us - feat. Ray Dalton,Macklemore & Ryan Lewis,https://open.spotify.com/track/3bidbhpOYeV4knp8AIu8Xn
467,5,You Sexy Thing,Hot Chocolate,https://open.spotify.com/track/714hERk9U1W8FMYkoC83CO
468,5,"thank u, next",Ariana Grande,https://open.spotify.com/track/2rPE9A1vEgShuZxxzR2tZH
469,5,High Hopes,Panic! At The Disco,https://open.spotify.com/track/1rqqCSm0Qe4I9rUvWncaom
470,5,Valerie (feat. Amy Winehouse) - Version Revisited,Mark Ronson,https://open.spotify.com/track/4BfRDZLIiznSnwU7DdDL9N
471,5,"My Heart Will Go On - Love Theme from ""Titanic""",Céline Dion,https://open.spotify.com/track/3oEHQmhvFLiE7ZYES0ulzv
472,5,Strangers Like Me,Various Artists,https://open.spotify.com/track/3E99KpWAcYEnj64e86y6u9
473,5,Just Wanna Be With You,Various Artists,https://open.spotify.com/track/0tPIrbTWGm3vZiBmJSlzID
474,5,Sterrenstof,De Jeugd Van Tegenwoordig,https://open.spotify.com/track/7D5vAulNfrQV6xEwzgH0OF
475,5,Het Is Een Nacht... (Levensecht),Guus Meeuwis,https://open.spotify.com/track/1jnUXW29r0JgYRcQmC3gIp
476,5,We Will Rock You - Remastered,Queen,https://open.spotify.com/track/4pbJqGIASGPr0ZpGpnWkDn
477,5,I Want To Break Free - Single Remix,Queen,https://open.spotify.com/track/3Au6174rC3JSzZN5BhCl3D
478,5,No Limit,2 Unlimited,https://open.spotify.com/track/7pSJmBTlbA4S5zSLsj6Pzz
479,5,Beautiful Girls - Radio Edit,Sean Kingston,https://open.spotify.com/track/4Tf94tAHtlQxjbeeyU3y7C
480,5,Casanova,Various Artists,https://open.spotify.com/track/7GduBMXIgyho4M13qObu2C
481,5,Angels,Robbie Williams,https://open.spotify.com/track/1M2nd8jNUkkwrc1dgBPTJz
482,5,Sex On The Beach - Original Mix,T-Spoon,https://open.spotify.com/track/4q7HqgwzTAK332xEbzuBVm
483,5,No Scrubs,TLC,https://open.spotify.com/track/1KGi9sZVMeszgZOWivFpxs
484,5,I Wanna Be the Only One (feat. Bebe Winans),Eternal,https://open.spotify.com/track/5CNtRWCtAfWivjpjr8QdR2
485,5,The Boy Is Mine - Radio Edit,Various Artists,https://open.spotify.com/track/4CCdNOgv6hK3AzSL6CQUdp
486,5,I Like To Move It (feat. The Mad Stuntman) - Radio Mix,Reel 2 Real,https://open.spotify.com/track/48XTrEbn0R7YbCB6BSSIUW
487,5,Circle of Life,Various Artists,https://open.spotify.com/track/0GrhBz0am9KFJ20MN9o6Lp
488,5,Parijs,Kenny B,https://open.spotify.com/track/1X5mydJvmC8nFhP2kW4q50
489,6,Blinding Lights,Lucas Estrada,https://open.spotify.com/track/7JAo7wy8BzmP9smtTJ3fuU
490,6,Make You Feel Like,Junge Junge,https://open.spotify.com/track/1AmM6S2tTt7j1IEmye5eWL
491,6,Le Le Let Go,Lucas Estrada,https://open.spotify.com/track/1a7WIQgSIwxmeaKOtEOift
492,6,Here Comes the Sun,Mauve,https://open.spotify.com/track/6PRyUxzDxfwhJjn71SNUkk
493,6,ICLYA,Mokita,https://open.spotify.com/track/32KLV8pNI4SRyPvnaTyNVA
494,6,In My Fantasy,Lucas Estrada,https://open.spotify.com/track/7azdWyynyvzWS4U9yuCuBm
495,6,Lost,Johnning,https://open.spotify.com/track/6Poau76cjrFgdcqPKirjTq
496,6,Feel the Same (feat. Eileen Jaime),Tullio,https://open.spotify.com/track/1rJbiKA8RsohRfRrw2Qkmv
497,6,Young Again,The Sunnefield,https://open.spotify.com/track/5AKLaQTVc1K7jJ5PiJWnuz
498,6,It's Not Me,Madism,https://open.spotify.com/track/7GAbh30WW8ZRwObGtgCrjU
499,6,Praise the Morning - Mark McCabe Remix,Twan Ray,https://open.spotify.com/track/5CZvolOrK9wi6CGz4Qz6Ap
500,6,Die in Your Arms,Zeper,https://open.spotify.com/track/51u91rpOVsphj7LzZYO9YH
501,6,Never Go Back - Robin Schulz Remix,Dennis Lloyd,https://open.spotify.com/track/6vRCKJDtnrJEcyyzIMa0w0
502,6,Kisses Back,Anthony Keyrouz,https://open.spotify.com/track/6uzwiQa5FkiiHLyt7ENYc6
503,6,Drinking About You,Daniel Glaven,https://open.spotify.com/track/23GJvxmPwocZJRxcEYl6sj
504,6,Numb,Elderbrook,https://open.spotify.com/track/7rBpjxstrSsuOLqnuOC028
505,6,The Force,Junerule,https://open.spotify.com/track/1xVlede3yRLD87GrhXbkOQ
506,6,Like We Used To,NLSN,https://open.spotify.com/track/0IxOHOLbmlO2VdYsI441Kj
507,6,Let Someone Go,Blewbird,https://open.spotify.com/track/7dZu30jEng5ZglLNyUfSTZ
508,6,Nothing Like You,Lucas Estrada,https://open.spotify.com/track/4p0D9nLKX2kHs9Fv2doUqL
509,6,Call You Now,No Treasure,https://open.spotify.com/track/1gMeKab86K35ZWTt9ks0Fo
510,6,Mostly Mine,Lucas Estrada,https://open.spotify.com/track/78mFYXrNmUkevN1oblYxeV
511,6,Capsized,James Carter,https://open.spotify.com/track/5Y8tRPmMejeSw2B807Rl0j
512,6,Make Us Never Happen,SHY Martin,https://open.spotify.com/track/03ARE7xKtbCVV2GE5j0IWq
513,6,Stay Tight,Bloome,https://open.spotify.com/track/1MI4RLgH0PiYgYK1ypXBLw
514,6,About You,Vendredi,https://open.spotify.com/track/41n6BAbY0RePzmkQE1HLol
515,6,Running Out Of Love,Jubël,https://open.spotify.com/track/4dEg39em2sAUdD4RrjsEkK
516,6,Closet,Zeper,https://open.spotify.com/track/5ADfTL3FKUfkHiw37acSI1
517,6,Radio Love,Lucas Estrada,https://open.spotify.com/track/5xafH3RXDs4GQqc0O5IhUa
518,6,Lost,Refeci,https://open.spotify.com/track/5Td2bFPx4PhrqMq6UsDEJt
519,6,Getaway,Henri Purnell,https://open.spotify.com/track/2uNPQ3hwOueVe35oXHNEOx
520,6,Eyes of a Devil,Nexeri,https://open.spotify.com/track/5lSgQPm4DzeqbyegqbgcU9
521,6,Closure,Erlando,https://open.spotify.com/track/4VbNmRPIeiLfVJq4On3rUf
522,6,The Way That I Am,Henri Purnell,https://open.spotify.com/track/5eaS2DCtCUx2L0b6GgoHCL
523,6,Not Meant To Be,Max Oazo,https://open.spotify.com/track/3UVoqrgxehuszpE9tJpUmy
524,6,18,NEIMY,https://open.spotify.com/track/4dYuv2DRqk71fDD2bhHcAr
525,6,Don't Want This Night to End (feat. Nate Vandeusen),Horizon Blue,https://open.spotify.com/track/1QJV1PhZXVhZQORXRWSh7O
526,6,Can You Hear Me,Henri Purnell,https://open.spotify.com/track/6pLwPQmAftFKcSWEUCxqsL
527,6,How Long,Tullio,https://open.spotify.com/track/0u3z5iSnPDFuXYlt01WxtH
528,6,Nothing Really Matters,Estie,https://open.spotify.com/track/0cZR8KV41ldxrph4mAGCWY
529,6,Nevermind,Dennis Lloyd,https://open.spotify.com/track/63SevszngYpZOwf63o61K4
530,6,Somewhere,Lucas Estrada,https://open.spotify.com/track/4MQ7kuKXAMfpm9KxGe3LM0
531,6,No One Else,Go-Jo,https://open.spotify.com/track/1BYTc5l4tqPbnTFkgVzb7K
532,6,All Into Nothing,R3HAB,https://open.spotify.com/track/6KQxGfOdjHMh5wT15t0gJj
533,6,All I Know,UNOMAS,https://open.spotify.com/track/6jM8GMP5GNGWfaKnRuuI9u
534,6,Hit and Run,Goldbird,https://open.spotify.com/track/1CwLl4IIMSeEtwsyZ6fdzh
535,6,Loving You the Same,Little Venice,https://open.spotify.com/track/6AvkKcOO1d1wjJRbB1wU1i
536,6,California In Rain,Viva La Panda,https://open.spotify.com/track/0WV6n9h9untDHNjCBAKmxa
537,6,better off - filous remix,Jeremy Zucker,https://open.spotify.com/track/3PMsgFdVtCeTgjzE8X9TTs
538,6,Dangerous,Ludvigsson,https://open.spotify.com/track/1SNx5LslzT7kUSxSIbAnDb
539,6,Is It Forever,Piece Wise,https://open.spotify.com/track/2TRmnMc1wRsrlfwOcDqI6P
540,6,Keeps Me High,Maciel,https://open.spotify.com/track/0Ewfx8HW2o1mkXeDwy4Rqi
541,6,Like Home,Madism,https://open.spotify.com/track/1GglsnRGQi7ge2AE1Z2O8n
542,6,Never Let Me Go,Hyosk,https://open.spotify.com/track/3kSN66YyhjAUCa9z8GARlB
543,6,What If,Lulleaux,https://open.spotify.com/track/48M7CPfLTL1O1qwWqQycjF
544,6,Black & Blue,Lost Frequencies,https://open.spotify.com/track/4uy8pqHmNZ5r8AFSFehrqv
545,6,Perfect Pretenders,BRÅVO,https://open.spotify.com/track/4bhueAnkGfvtk9IcmIOD0Z
546,6,Someone New,Johnning,https://open.spotify.com/track/1nskx07vjQjYlLuZZ1HlYo
547,6,Beat of My Heart,Lost Frequencies,https://open.spotify.com/track/5VOimFjvyQmjsiNDxC2mvN
548,6,Used To,James Carter,https://open.spotify.com/track/0pf7l7aY53vTLcuBGeClp6
549,6,Alone with You,Y.V.E. 48,https://open.spotify.com/track/3rMu51ZwOmmpHaHXXngJZ0
550,6,Mine [Revelries Remix],Mark Mendy,https://open.spotify.com/track/5DVrMqMgai3f6XY5KUWkky
551,6,Pieces,Michel Fannoun,https://open.spotify.com/track/7zhT90M07NLqJb2MsaqWhM
552,6,Toluca Lake,Tep No,https://open.spotify.com/track/5ZJrnxlVNseqSqR9QHQLbF
553,6,One Day,Daniel Glaven,https://open.spotify.com/track/5qt46TkQZ9raRaRzNCWOMn
554,6,Never Let You Know,Nightcall,https://open.spotify.com/track/3gZvhQr0wDJc2UbgC3gOrI
555,6,Running in Circles,WUSA,https://open.spotify.com/track/6WB8oMvaS5LR3TPw5j7bPg
556,6,Ask Me to Stay,FIXL,https://open.spotify.com/track/7CL1o5TDmKLtlvklcs0aZi
557,6,Keep Me Close,Nexeri,https://open.spotify.com/track/1fNubh6BX6rAMyeXW4Pi4H
558,6,Make My Heart Lie,Piece Wise,https://open.spotify.com/track/7jV3Khg7J9DBFDmLNkJQ3G
559,6,Voyage,Piece Wise,https://open.spotify.com/track/6srklIW1ugB044hjXdvMui
560,6,By My Side,Mauve,https://open.spotify.com/track/50AtbZbvd3OXD2NDqy4G29
561,6,Dance Monkey,Refeci,https://open.spotify.com/track/29Wcsq14RbRqItlK0fmEDb
562,6,For You,Nate VanDeusen,https://open.spotify.com/track/0tIReNh1wah1hAqiwZITYW
563,6,Giving up on Love,Tullio,https://open.spotify.com/track/2i6HY2mD8kfV5LiePknN3F
564,6,Lay Here with You,Rakan,https://open.spotify.com/track/5iB5kuSE8frZzximEOdScf
565,6,You,Refeci,https://open.spotify.com/track/5FbLf3NPfffX7JX7q0VJaT
566,6,Lately,Tullio,https://open.spotify.com/track/4PDg3sEkYy4cw1dLOb3jIg
567,6,Takeaway (feat. Lennon Stella),The Chainsmokers,https://open.spotify.com/track/6wo37KVqFJhtuxPTpLCcfe
568,6,Addicted,Alex Parker,https://open.spotify.com/track/4giQUjm7m3rffmwsh2dBiC
569,6,Let It Go,Tullio,https://open.spotify.com/track/3NC6qFD2LyyQzYWUGBoycb
570,6,Praise the Morning,Twan Ray,https://open.spotify.com/track/6uwn9Bm1LHGjqhzGvJ0X5V
571,6,Over and over (feat. Lola Rhodes),Tullio,https://open.spotify.com/track/2KKi6EUJ7VcuJncca3M4hq
572,6,Get Back to You,Dion Isaiah,https://open.spotify.com/track/4W5qg8WQuUwAeFDljBmuCV
573,6,Sunset Lover,Petit Biscuit,https://open.spotify.com/track/3WRQUvzRvBDr4AxMWhXc5E
574,6,Come Home,NGHTIME!,https://open.spotify.com/track/6sp9jW51itf33mLfe61sf5
575,6,Never Alone,Keys & Copper,https://open.spotify.com/track/34zDUyiDm5X7ncq2EGnpSZ
576,6,Bonnie & Clyde,Jake Cooper,https://open.spotify.com/track/03MG0l3WB6a9dJkXqnhGl8
577,6,Helpless,Alex Alexander,https://open.spotify.com/track/3SV8smVYuVOQPSZGSj5qiX
578,6,Come With Me - Radio Mix,Nora En Pure,https://open.spotify.com/track/1Ht4NJdY8adMsW540P5vG0
579,6,Too Young,Koni,https://open.spotify.com/track/0ADdsz7X4LJJTaFXIIR9Gu
580,6,Some Say,Nea,https://open.spotify.com/track/4poybupy26pTWPr9zY1i7h
581,6,Hope,The Chainsmokers,https://open.spotify.com/track/4BiiOzZCrXEzHRLYcYFiD5
582,6,Forget to Forget,SHY Martin,https://open.spotify.com/track/4E5IBDRu8kJbzUv1qaZM1t
583,6,Burn,Refeci,https://open.spotify.com/track/5aX7XGnDcQsFRQwUW2Vy64
584,6,Nostalgic - filous Remix,A R I Z O N A,https://open.spotify.com/track/5AiwOMZLbmaTos05YwxoQz
585,6,Into the Sea,Wave Wave,https://open.spotify.com/track/0d0ejCZz2r6XHN2dL90rdu
586,6,Where You Belong,Joey Stux,https://open.spotify.com/track/3JRK6JBLYa82skmzQ2xjHq
587,6,Not Ok,Kygo,https://open.spotify.com/track/6aoGtdWXBkYQ2O2wnyIz2x
588,6,Swear Like a Sailor,Tep No,https://open.spotify.com/track/18qH5bBi8nOCN5e1caotvL
